"id.ife","id.inegi"
10001,10001
10002,10002
10003,10003
10004,10004
10005,10005
10019,10018
10007,10007
10008,10008
10009,10009
10010,10010
10011,10011
10012,10012
10013,10013
10014,10014
10015,10015
10016,10016
10017,10039
10018,10017
10020,10019
10021,10020
10022,10021
10023,10022
10024,10023
10025,10024
10026,10025
10027,10026
10028,10027
10029,10028
10030,10029
10031,10030
10032,10031
10033,10032
10006,10006
10034,10033
10035,10034
10036,10035
10037,10036
10038,10037
10039,10038
11001,11001
11002,11002
11004,11004
11005,11005
11006,11006
11007,11007
11009,11009
11010,11010
11011,11011
11012,11012
11013,11013
11014,11014
11015,11015
11016,11016
11017,11017
11018,11018
11019,11019
11020,11020
11008,11008
11021,11021
11022,11022
11023,11023
11024,11024
11025,11025
11026,11026
11027,11027
11028,11028
11029,11029
11030,11030
11031,11031
11032,11032
11033,11033
11003,11003
11034,11034
11035,11035
11036,11036
11037,11037
11038,11038
11039,11039
11040,11040
11041,11041
11042,11042
11043,11043
11044,11044
11045,11045
11046,11046
12001,12001
12076,12076
12002,12002
12003,12003
12004,12004
12005,12005
12006,12006
12007,12007
12008,12008
12009,12009
12010,12010
12011,12011
12012,12012
12013,12013
12014,12014
12015,12015
12028,12028
12029,12029
12016,12016
12017,12017
12018,12018
12019,12019
12020,12020
12021,12021
12022,12022
12023,12023
12024,12024
12025,12025
12026,12026
12027,12027
12030,12075
12031,12030
12032,12031
12033,12032
12034,12033
12035,12034
12036,12035
12037,12036
12078,12081
12038,12037
12039,12038
12077,12079
12040,12039
12069,12068
12041,12040
12042,12041
12043,12042
12044,12043
12045,12044
12046,12045
12047,12046
12048,12047
12049,12048
12050,12049
12051,12050
12052,12051
12053,12052
12054,12053
12055,12054
12056,12055
12057,12056
12058,12057
12059,12058
12060,12059
12061,12060
12062,12061
12063,12062
12064,12063
12065,12064
12066,12065
12067,12066
12068,12067
12070,12069
12071,12070
12072,12071
12073,12072
12074,12073
12075,12074
13001,13001
13002,13002
13003,13003
13004,13004
13005,13005
13006,13006
13007,13007
13008,13008
13009,13010
13010,13011
13012,13013
13011,13012
13013,13014
13014,13015
13016,13017
13017,13018
13018,13019
13015,13016
13019,13009
13020,13020
13021,13021
13022,13022
13023,13023
13024,13024
13025,13025
13026,13026
13027,13027
13028,13028
13029,13029
13030,13030
13031,13031
13032,13032
13033,13033
13034,13040
13035,13034
13036,13035
13037,13037
13040,13051
13038,13038
13039,13039
13041,13041
13042,13042
13043,13043
13044,13044
13045,13045
13047,13048
13046,13047
13048,13049
13049,13050
13050,13036
13051,13052
13052,13053
13053,13046
13054,13054
13055,13055
13056,13056
13057,13057
13058,13058
13059,13059
13060,13060
13061,13061
13062,13062
13063,13063
13064,13064
13065,13065
13066,13067
13067,13068
13068,13069
13069,13070
13070,13071
13071,13072
13072,13073
13073,13074
13074,13075
13075,13076
13076,13077
13077,13066
13078,13078
13079,13079
13080,13080
13081,13081
13082,13082
13083,13083
13084,13084
14001,14001
14002,14002
14003,14003
14004,14004
14005,14005
14006,14006
14008,14008
14010,14010
14011,14011
14012,14012
14013,14013
14014,14014
14015,14015
14016,14016
14017,14017
14019,14019
14020,14020
14117,14117
14021,14021
14031,14030
14032,14031
14033,14032
14022,14022
14025,14024
14026,14025
14027,14026
14028,14027
14029,14028
14030,14029
14034,14033
14035,14034
14009,14009
14039,14037
14056,14054
14072,14070
14036,14035
14037,14036
14038,14079
14040,14038
14041,14039
14042,14040
14043,14041
14044,14042
14046,14044
14047,14045
14048,14046
14049,14047
14050,14048
14051,14049
14052,14050
14053,14051
14054,14052
14018,14018
14055,14053
14045,14043
14059,14057
14057,14055
14060,14058
14061,14059
14062,14060
14063,14061
14064,14062
14065,14063
14066,14064
14067,14065
14068,14066
14069,14067
14071,14069
14073,14071
14074,14072
14024,14113
14075,14073
14007,14007
14076,14074
14077,14075
14078,14076
14079,14077
14080,14078
14081,14080
14058,14056
14082,14081
14083,14082
14084,14083
14085,14084
14086,14085
14087,14086
14088,14087
14090,14089
14089,14088
14091,14090
14092,14091
14093,14092
14094,14093
14095,14094
14096,14095
14097,14096
14098,14097
14099,14098
14100,14099
14101,14100
14102,14101
14103,14102
14104,14103
14105,14104
14106,14105
14107,14106
14108,14107
14109,14108
14110,14109
14111,14110
14112,14111
14113,14112
14114,14114
14115,14115
14116,14116
14070,14068
14118,14118
14119,14119
14120,14120
14121,14121
14122,14122
14123,14123
14124,14124
14023,14023
15001,15001
15002,15002
15003,15003
15004,15004
15005,15005
15006,15006
15007,15007
15008,15008
15009,15009
15010,15010
15011,15011
15012,15012
15013,15013
15014,15014
15015,15015
15016,15016
15017,15017
15018,15018
15019,15019
15026,15025
15027,15026
15028,15027
15029,15028
15030,15029
15031,15030
15032,15031
15020,15020
15021,15021
15022,15022
15023,15023
15024,15024
15025,15121
15033,15032
15034,15033
15035,15034
15065,15064
15036,15035
15037,15036
15038,15037
15039,15038
15040,15039
15041,15040
15042,15041
15043,15042
15045,15044
15046,15045
15047,15046
15048,15047
15049,15048
15050,15049
15051,15050
15071,15070
15052,15051
15123,15123
15053,15052
15054,15053
15055,15054
15056,15055
15057,15056
15058,15057
15059,15059
15060,15058
15061,15060
15062,15061
15063,15062
15064,15063
15066,15065
15067,15066
15068,15067
15069,15068
15070,15069
15072,15071
15073,15072
15074,15073
15075,15074
15124,15124
15076,15075
15077,15076
15078,15077
15079,15078
15080,15079
15081,15080
15082,15081
15083,15082
15084,15083
15085,15084
15086,15085
15087,15086
15088,15087
15089,15088
15090,15089
15091,15090
15092,15091
15093,15092
15094,15093
15095,15094
15096,15095
15097,15096
15098,15097
15099,15098
15100,15099
15101,15100
15102,15101
15103,15102
15104,15103
15105,15104
15106,15105
15107,15106
15125,15125
15108,15107
15109,15108
15110,15109
15111,15110
15122,15122
15112,15111
15113,15112
15114,15113
15115,15114
15044,15043
15116,15115
15117,15116
15118,15117
15119,15118
15120,15119
15121,15120
16001,16001
16002,16002
16003,16003
16004,16004
16005,16005
16006,16006
16007,16007
16008,16008
16009,16009
16010,16010
16011,16011
16012,16012
16013,16013
16021,16021
16022,16022
16023,16023
16024,16024
16025,16025
16026,16026
16027,16027
16028,16028
16029,16029
16014,16014
16015,16015
16016,16016
16075,16074
16017,16017
16018,16018
16019,16019
16020,16020
16030,16030
16031,16031
16032,16032
16033,16033
16034,16034
16036,16036
16037,16037
16038,16038
16039,16039
16040,16040
16041,16041
16042,16042
16043,16043
16044,16044
16045,16045
16046,16113
16047,16046
16048,16047
16049,16048
16035,16035
16070,16069
16050,16052
16076,16075
16051,16049
16052,16050
16053,16051
16054,16053
16055,16054
16056,16055
16057,16056
16058,16057
16059,16058
16060,16059
16061,16060
16062,16061
16063,16062
16064,16063
16066,16065
16065,16064
16067,16066
16068,16067
16069,16068
16071,16070
16072,16071
16073,16072
16074,16073
16077,16076
16080,16079
16078,16077
16079,16078
16081,16080
16082,16081
16083,16082
16084,16083
16085,16084
16086,16085
16087,16086
16088,16087
16089,16088
16090,16089
16091,16090
16092,16091
16093,16092
16094,16093
16095,16094
16096,16095
16097,16096
16098,16097
16099,16098
16100,16099
16101,16100
16102,16101
16103,16102
16104,16103
16105,16104
16106,16105
16107,16106
16108,16107
16109,16108
16110,16109
16111,16110
16112,16111
16113,16112
17001,17001
17002,17002
17003,17003
17004,17004
17005,17005
17006,17006
17007,17007
17008,17008
17009,17009
17010,17010
17011,17011
17012,17012
17013,17013
17014,17014
17015,17015
17016,17016
17017,17017
17018,17018
17033,17033
17019,17019
17020,17020
17021,17021
17022,17022
17023,17023
17024,17024
17025,17025
17026,17026
17027,17027
17028,17028
17029,17029
17030,17030
17031,17031
17032,17032
18001,18001
18002,18002
18003,18003
18004,18020
18005,18004
18009,18009
18006,18005
18007,18006
18008,18007
18020,18019
18010,18010
18011,18011
18012,18012
18013,18013
18014,18014
18015,18015
18016,18016
18017,18017
18018,18018
18019,18008
19001,19001
19002,19002
19004,19004
19005,19005
19006,19006
19007,19007
19008,19008
19009,19009
19010,19010
19011,19011
19013,19013
19012,19012
19014,19014
19015,19015
19016,19016
19017,19017
19018,19018
19020,19020
19021,19021
19022,19022
19023,19023
19024,19024
19025,19025
19026,19026
19028,19047
19029,19028
19030,19029
19031,19030
19032,19031
19033,19032
19034,19033
19003,19003
19027,19027
19043,19042
19035,19034
19036,19035
19037,19036
19038,19037
19039,19038
19040,19039
19041,19040
19042,19041
19044,19043
19045,19044
19046,19045
19047,19046
19019,19019
19048,19048
19049,19049
19050,19050
19051,19051
1001,1001
1002,1002
1003,1003
1004,1004
1011,1010
1005,1005
1006,1006
1007,1007
1010,1011
1008,1008
1009,1009
20001,20001
20002,20002
20003,20174
20004,20003
20005,20004
20006,20005
20007,20006
20008,20007
20009,20008
20010,20398
20011,20009
20013,20011
20014,20012
20559,20247
20015,20025
20016,20026
20187,20027
20017,20013
20041,20014
20018,20015
20019,20016
20021,20018
20022,20019
20023,20020
20024,20021
20025,20022
20026,20023
20027,20024
20012,20010
20030,20030
20029,20029
20031,20032
20032,20034
20033,20033
20034,20035
20035,20036
20028,20028
20037,20039
20553,20397
20038,20040
20039,20041
20040,20065
20042,20042
20043,20043
20020,20017
20068,20069
20073,20076
20556,20556
20044,20044
20045,20045
20046,20046
20047,20048
20048,20049
20049,20050
20050,20051
20051,20052
20052,20053
20053,20562
20054,20054
20055,20055
20056,20056
20057,20057
20058,20058
20036,20037
20059,20059
20060,20060
20061,20061
20062,20062
20063,20063
20064,20064
20065,20504
20066,20067
20067,20068
20069,20070
20070,20071
20071,20073
20072,20075
20074,20077
20075,20078
20076,20079
20077,20080
20078,20081
20079,20082
20080,20083
20081,20084
20082,20085
20083,20086
20084,20087
20085,20088
20086,20089
20087,20090
20088,20091
20089,20092
20090,20093
20091,20094
20092,20095
20093,20096
20094,20097
20095,20098
20096,20099
20097,20100
20098,20101
20099,20102
20100,20103
20101,20104
20102,20105
20103,20106
20104,20107
20105,20108
20106,20109
20107,20110
20108,20111
20109,20112
20110,20113
20111,20114
20112,20115
20115,20116
20116,20117
20117,20118
20118,20119
20119,20120
20113,20121
20114,20122
20120,20123
20121,20124
20122,20125
20123,20126
20124,20127
20125,20128
20126,20129
20127,20130
20128,20131
20129,20132
20130,20133
20131,20134
20132,20135
20133,20136
20134,20137
20135,20138
20136,20139
20137,20140
20138,20141
20139,20142
20140,20143
20141,20144
20142,20145
20143,20146
20144,20147
20145,20148
20146,20149
20147,20150
20148,20151
20149,20152
20150,20153
20151,20154
20152,20155
20153,20156
20154,20157
20155,20158
20156,20159
20157,20160
20158,20161
20159,20162
20160,20163
20161,20550
20162,20164
20163,20165
20164,20166
20165,20167
20169,20072
20166,20168
20167,20169
20168,20170
20170,20171
20171,20172
20172,20173
20173,20175
20174,20176
20175,20177
20176,20178
20177,20179
20178,20180
20179,20181
20180,20183
20181,20182
20182,20184
20183,20559
20184,20185
20185,20191
20186,20192
20188,20186
20189,20187
20190,20188
20191,20189
20192,20190
20194,20193
20193,20206
20195,20194
20196,20195
20197,20196
20198,20197
20199,20198
20200,20199
20201,20200
20202,20201
20203,20202
20204,20203
20205,20204
20206,20205
20207,20207
20208,20208
20209,20209
20210,20210
20211,20211
20212,20212
20213,20213
20214,20214
20215,20215
20216,20216
20217,20217
20218,20218
20219,20219
20220,20220
20221,20221
20222,20222
20223,20223
20224,20224
20225,20225
20226,20226
20227,20227
20228,20228
20229,20229
20230,20230
20231,20231
20232,20232
20233,20233
20234,20234
20235,20235
20236,20236
20237,20237
20238,20238
20239,20239
20240,20240
20241,20241
20242,20242
20243,20243
20244,20244
20245,20245
20246,20246
20247,20248
20248,20250
20249,20251
20250,20252
20251,20253
20252,20254
20253,20255
20254,20256
20255,20249
20256,20257
20257,20258
20258,20259
20259,20260
20260,20261
20261,20262
20262,20264
20263,20265
20264,20263
20265,20266
20266,20267
20267,20268
20268,20269
20269,20270
20270,20271
20271,20272
20272,20273
20273,20274
20274,20275
20275,20276
20276,20278
20277,20279
20279,20281
20280,20282
20281,20283
20282,20284
20283,20285
20284,20286
20285,20287
20286,20288
20287,20289
20288,20290
20289,20291
20290,20292
20291,20293
20292,20294
20293,20295
20294,20296
20295,20297
20296,20298
20297,20299
20298,20300
20299,20301
20300,20302
20301,20303
20303,20305
20302,20304
20304,20306
20305,20307
20306,20308
20307,20309
20308,20310
20309,20311
20310,20312
20311,20313
20312,20314
20313,20315
20314,20316
20315,20317
20316,20318
20317,20319
20318,20320
20319,20321
20320,20322
20321,20323
20322,20324
20323,20325
20324,20326
20325,20327
20326,20328
20327,20329
20328,20330
20329,20331
20330,20332
20331,20333
20336,20335
20337,20336
20333,20337
20334,20339
20335,20340
20338,20341
20339,20342
20340,20343
20341,20344
20342,20345
20343,20346
20344,20347
20345,20348
20346,20349
20347,20350
20348,20351
20349,20352
20353,20353
20354,20354
20355,20355
20356,20356
20357,20357
20358,20358
20359,20359
20360,20360
20361,20361
20362,20362
20363,20363
20364,20364
20365,20365
20366,20366
20367,20367
20368,20368
20369,20369
20370,20074
20371,20370
20372,20371
20373,20372
20374,20373
20375,20374
20376,20375
20377,20376
20378,20377
20379,20378
20380,20379
20381,20380
20382,20381
20383,20382
20384,20383
20385,20384
20386,20385
20387,20386
20388,20387
20389,20388
20391,20569
20390,20389
20392,20390
20393,20391
20394,20392
20395,20393
20396,20047
20397,20394
20398,20395
20400,20399
20401,20400
20402,20404
20404,20406
20405,20407
20406,20401
20407,20402
20408,20403
20409,20408
20410,20409
20411,20410
20412,20411
20413,20412
20414,20413
20415,20414
20416,20415
20417,20416
20418,20417
20419,20418
20420,20419
20399,20396
20421,20420
20422,20421
20423,20422
20424,20423
20425,20424
20426,20425
20428,20426
20427,20427
20429,20428
20430,20429
20431,20430
20432,20431
20433,20432
20434,20433
20435,20434
20436,20435
20437,20436
20438,20437
20439,20438
20440,20439
20441,20440
20442,20441
20443,20442
20444,20443
20445,20444
20446,20445
20447,20446
20448,20447
20449,20448
20450,20449
20451,20450
20452,20451
20453,20452
20454,20453
20455,20454
20456,20455
20457,20456
20458,20457
20459,20459
20460,20460
20461,20458
20462,20461
20463,20462
20464,20463
20465,20464
20466,20465
20467,20466
20468,20467
20469,20468
20470,20469
20471,20470
20472,20471
20473,20472
20474,20473
20475,20474
20476,20475
20477,20476
20478,20477
20479,20478
20480,20479
20481,20066
20482,20480
20483,20481
20484,20482
20485,20483
20486,20484
20487,20485
20488,20487
20489,20488
20490,20489
20491,20490
20492,20491
20493,20492
20494,20493
20495,20494
20496,20495
20497,20496
20498,20497
20499,20498
20500,20499
20501,20500
20502,20501
20503,20502
20504,20503
20505,20506
20506,20507
20507,20508
20508,20509
20509,20505
20510,20510
20511,20511
20512,20512
20513,20513
20514,20514
20515,20515
20516,20516
20517,20517
20518,20518
20519,20519
20520,20520
20521,20521
20522,20522
20523,20523
20524,20524
20525,20525
20530,20526
20531,20527
20532,20528
20533,20529
20526,20530
20527,20531
20528,20532
20529,20533
20350,20534
20351,20535
20352,20536
20534,20537
20535,20538
20537,20539
20540,20031
20541,20541
20538,20542
20542,20543
20544,20544
20545,20545
20546,20546
20547,20547
20548,20548
20549,20549
20550,20551
20551,20552
20552,20553
20554,20554
20555,20555
20557,20557
20558,20558
20403,20405
20560,20338
20539,20540
20332,20334
20566,20565
20561,20560
20562,20038
20536,20277
20278,20280
20543,20486
20563,20561
20564,20563
20565,20564
20567,20566
20568,20567
20569,20568
20570,20570
21001,21001
21002,21002
21003,21003
21004,21004
21005,21005
21006,21006
21007,21007
21008,21008
21009,21009
21010,21010
21011,21011
21012,21012
21013,21013
21014,21014
21015,21015
21016,21016
21017,21017
21018,21018
21082,21080
21019,21019
21020,21020
21021,21021
21022,21022
21023,21023
21024,21024
21025,21025
21026,21026
21027,21027
21028,21028
21029,21099
21030,21029
21046,21045
21047,21046
21048,21047
21049,21048
21051,21050
21050,21049
21052,21051
21053,21052
21054,21053
21055,21054
21056,21055
21057,21056
21059,21058
21060,21059
21031,21030
21032,21031
21033,21032
21034,21033
21035,21034
21036,21035
21037,21036
21038,21037
21039,21038
21040,21039
21041,21040
21042,21041
21043,21042
21044,21043
21045,21044
21061,21060
21062,21061
21063,21062
21064,21063
21065,21064
21066,21065
21067,21066
21068,21067
21069,21068
21058,21057
21070,21069
21071,21070
21072,21071
21073,21072
21074,21073
21075,21150
21076,21074
21077,21075
21078,21076
21079,21077
21080,21078
21081,21079
21083,21081
21084,21082
21085,21083
21086,21084
21087,21085
21088,21086
21089,21087
21090,21088
21091,21089
21092,21090
21093,21091
21094,21092
21095,21093
21097,21095
21096,21094
21119,21118
21098,21096
21099,21097
21100,21098
21101,21100
21102,21101
21103,21102
21104,21103
21105,21104
21106,21105
21107,21106
21108,21107
21109,21108
21110,21109
21111,21110
21112,21111
21113,21112
21114,21113
21115,21114
21116,21115
21117,21116
21118,21117
21120,21119
21121,21120
21122,21121
21123,21122
21124,21123
21125,21124
21126,21125
21127,21126
21128,21127
21129,21128
21130,21129
21131,21130
21132,21131
21133,21132
21134,21133
21135,21134
21136,21135
21137,21136
21138,21137
21139,21138
21140,21139
21141,21140
21142,21141
21143,21142
21144,21143
21145,21144
21177,21145
21146,21146
21147,21147
21148,21148
21149,21149
21150,21151
21151,21152
21152,21153
21153,21154
21154,21155
21155,21156
21156,21157
21157,21158
21158,21159
21159,21160
21160,21161
21161,21162
21162,21163
21163,21164
21164,21165
21165,21166
21166,21167
21167,21168
21168,21169
21169,21170
21170,21171
21171,21172
21172,21173
21173,21174
21174,21175
21175,21176
21179,21179
21176,21177
21178,21178
21180,21180
21181,21181
21182,21182
21183,21183
21184,21184
21185,21185
21186,21186
21187,21187
21188,21188
21189,21189
21190,21190
21191,21191
21192,21192
21193,21193
21194,21194
21195,21195
21196,21196
21197,21197
21198,21198
21199,21199
21200,21200
21201,21201
21202,21202
21203,21203
21204,21204
21205,21205
21206,21206
21207,21207
21208,21208
21209,21209
21210,21210
21211,21211
21212,21212
21213,21213
21214,21214
21215,21215
21216,21216
21217,21217
22001,22001
22002,22003
22003,22004
22004,22005
22005,22006
22010,22011
22006,22007
22007,22008
22008,22009
22009,22010
22011,22012
22012,22013
22013,22002
22014,22014
22015,22015
22016,22016
22017,22017
22018,22018
23001,23005
23002,23001
23003,23002
23004,23003
23005,23006
23006,23007
23007,23004
23008,23008
24001,24001
24002,24002
24003,24003
24004,24004
24054,24053
24005,24005
24006,24006
24007,24007
24008,24008
24009,24009
24015,24015
24010,24010
24011,24011
24013,24013
24014,24014
24016,24016
24057,24058
24017,24017
24018,24018
24019,24019
24020,24020
24058,24057
24021,24021
24022,24022
24023,24023
24024,24024
24025,24025
24026,24026
24027,24027
24028,24028
24029,24029
24030,24030
24032,24031
24033,24032
24034,24033
24031,24034
24035,24035
24036,24036
24037,24037
24038,24038
24039,24039
24040,24040
24012,24012
24041,24041
24042,24042
24043,24043
24044,24044
24045,24045
24046,24056
24047,24046
24048,24047
24049,24048
24050,24049
24051,24050
24052,24051
24053,24052
24055,24054
24056,24055
25001,25001
25002,25002
25003,25003
25007,25007
25004,25004
25005,25005
25006,25006
25010,25010
25008,25008
25009,25009
25011,25011
25012,25012
25013,25013
25018,25018
25014,25014
25015,25015
25016,25016
25017,25017
26001,26001
26002,26002
26062,26003
26003,26004
26004,26005
26005,26006
26006,26007
26007,26008
26008,26009
26009,26010
26010,26011
26058,26012
26011,26013
26012,26014
26013,26015
26071,26071
26014,26016
26046,26017
26059,26018
26015,26019
26047,26020
26016,26022
26017,26023
26018,26024
26060,26025
26063,26026
26019,26027
26070,26070
26020,26028
26061,26029
26049,26030
26021,26031
26022,26032
26064,26033
26023,26034
26024,26035
26048,26021
26025,26036
26050,26037
26026,26038
26027,26039
26028,26040
26029,26041
26065,26042
26030,26043
26066,26044
26051,26045
26031,26046
26052,26047
26053,26048
26067,26049
26054,26050
26068,26051
26032,26052
26033,26053
26072,26072
26034,26054
26055,26055
26056,26056
26035,26057
26036,26058
26037,26059
26038,26060
26039,26061
26040,26062
26041,26063
26042,26064
26043,26065
26057,26066
26044,26067
26045,26068
26069,26069
27001,27001
27002,27002
27003,27003
27004,27004
27005,27005
27006,27006
27007,27007
27008,27008
27009,27009
27010,27010
27011,27011
27012,27012
27013,27013
27014,27014
27015,27015
27016,27016
27017,27017
28001,28001
28002,28002
28003,28003
28004,28004
28005,28005
28006,28006
28007,28007
28008,28008
28009,28009
28010,28010
28021,28021
28011,28011
28012,28012
28013,28013
28014,28014
28015,28015
28016,28016
28017,28017
28018,28018
28019,28019
28020,28020
28022,28022
28023,28023
28024,28024
28025,28025
28026,28026
28027,28027
28028,28028
28029,28029
28030,28030
28031,28031
28032,28032
28033,28033
28034,28034
28035,28035
28036,28036
28037,28037
28038,28038
28039,28039
28040,28040
28041,28041
28042,28042
28043,28043
29022,29022
29005,29004
29001,29001
29002,29002
29003,29005
29004,29003
29060,29045
29006,29006
29010,29010
29018,29018
29008,29008
29009,29009
29007,29007
29054,29046
29012,29012
29013,29013
29014,29014
29015,29015
29016,29016
29052,29048
29055,29047
29017,29017
29011,29011
29021,29021
29023,29023
29024,29024
29041,29041
29020,29020
29053,29049
29051,29050
29056,29051
29050,29052
29047,29053
29059,29054
29057,29055
29025,29025
29058,29056
29045,29057
29048,29058
29046,29059
29026,29026
29049,29060
29027,29027
29028,29028
29019,29019
29029,29029
29030,29030
29031,29031
29032,29032
29033,29033
29034,29034
29035,29035
29036,29036
29038,29038
29039,29039
29040,29040
29042,29042
29043,29043
29044,29044
29037,29037
2001,2001
2002,2002
2005,2005
2003,2003
2004,2004
30001,30001
30002,30002
30003,30003
30004,30004
30005,30005
30006,30006
30206,30204
30009,30008
30010,30009
30011,30010
30012,30011
30013,30012
30014,30014
30016,30015
30018,30017
30019,30018
30020,30019
30021,30020
30022,30021
30023,30022
30024,30023
30026,30025
30027,30026
30028,30027
30029,30028
30030,30029
30007,30007
30031,30030
30208,30208
30032,30031
30033,30157
30034,30032
30035,30033
30036,30034
30056,30054
30057,30055
30058,30056
30059,30057
30060,30058
30061,30059
30062,30060
30064,30062
30065,30063
30066,30064
30037,30035
30038,30036
30039,30037
30040,30038
30041,30039
30042,30040
30043,30041
30044,30042
30045,30043
30046,30044
30047,30045
30048,30046
30049,30047
30050,30048
30051,30049
30052,30050
30053,30051
30054,30052
30055,30053
30207,30205
30067,30065
30068,30066
30069,30067
30070,30068
30071,30069
30072,30070
30073,30071
30074,30072
30075,30073
30076,30074
30077,30075
30078,30076
30079,30077
30080,30078
30081,30079
30085,30081
30083,30080
30084,30082
30082,30083
30086,30084
30087,30085
30088,30086
30090,30088
30091,30089
30092,30090
30093,30091
30094,30093
30168,30169
30095,30094
30096,30095
30017,30016
30097,30096
30128,30127
30063,30061
30108,30107
30137,30132
30098,30097
30138,30137
30099,30098
30100,30099
30101,30100
30102,30101
30103,30102
30104,30103
30105,30104
30106,30105
30107,30106
30109,30108
30110,30109
30111,30110
30112,30111
30205,30206
30113,30112
30114,30113
30015,30013
30115,30114
30116,30115
30117,30116
30118,30117
30119,30118
30120,30119
30121,30120
30122,30121
30123,30122
30124,30123
30125,30124
30126,30125
30127,30126
30129,30128
30130,30129
30131,30130
30132,30131
30133,30133
30134,30134
30135,30135
30136,30136
30139,30138
30140,30139
30141,30140
30142,30141
30143,30142
30211,30211
30212,30212
30144,30143
30145,30144
30147,30146
30146,30145
30148,30147
30149,30148
30150,30149
30151,30150
30152,30151
30153,30152
30154,30153
30155,30154
30156,30155
30210,30209
30157,30156
30158,30158
30159,30159
30008,30160
30160,30161
30161,30162
30162,30163
30163,30164
30164,30165
30165,30166
30166,30167
30167,30168
30169,30170
30170,30171
30171,30172
30172,30173
30173,30174
30174,30175
30179,30180
30175,30176
30176,30177
30177,30178
30178,30179
30180,30181
30181,30182
30025,30024
30182,30183
30183,30184
30184,30185
30185,30186
30186,30187
30187,30188
30204,30207
30188,30189
30189,30190
30190,30191
30209,30210
30191,30192
30192,30193
30193,30194
30089,30087
30194,30092
30195,30195
30196,30196
30197,30197
30198,30198
30199,30199
30200,30200
30201,30201
30202,30202
30203,30203
31001,31001
31002,31002
31003,31003
31004,31004
31005,31005
31006,31006
31007,31007
31008,31008
31009,31009
31010,31010
31011,31011
31012,31012
31016,31016
31017,31017
31018,31018
31019,31019
31021,31021
31020,31020
31022,31022
31023,31023
31024,31024
31013,31013
31014,31014
31015,31015
31025,31025
31026,31026
31027,31027
31028,31028
31029,31029
31030,31030
31031,31031
31032,31032
31033,31033
31034,31034
31035,31035
31036,31036
31037,31037
31038,31038
31039,31039
31040,31040
31041,31041
31042,31042
31043,31043
31044,31044
31045,31045
31046,31046
31047,31047
31048,31048
31049,31049
31050,31050
31051,31051
31052,31052
31053,31053
31054,31054
31055,31055
31056,31056
31057,31057
31058,31058
31059,31059
31060,31060
31061,31061
31062,31062
31063,31063
31064,31064
31065,31065
31066,31066
31067,31067
31068,31068
31069,31069
31070,31070
31071,31071
31072,31072
31073,31073
31074,31074
31075,31075
31076,31076
31077,31077
31078,31078
31079,31079
31080,31080
31081,31081
31082,31082
31083,31083
31084,31084
31085,31085
31086,31086
31087,31087
31088,31088
31089,31089
31090,31090
31091,31091
31092,31092
31093,31093
31094,31094
31095,31095
31096,31096
31097,31097
31098,31098
31099,31099
31100,31100
31101,31101
31102,31102
31103,31103
31104,31104
31105,31105
31106,31106
32001,32001
32002,32002
32003,32003
32004,32004
32005,32005
32006,32006
32009,32009
32007,32007
32008,32008
32015,32015
32041,32041
32010,32010
32012,32012
32013,32013
32014,32014
32016,32016
32017,32017
32018,32018
32019,32019
32020,32020
32021,32021
32022,32022
32023,32023
32024,32024
32025,32025
32026,32026
32027,32027
32028,32028
32029,32029
32030,32030
32031,32031
32032,32032
32033,32033
32034,32034
32035,32035
32036,32036
32037,32037
32038,32038
32039,32039
32040,32040
32058,32058
32042,32042
32043,32043
32044,32044
32045,32045
32046,32046
32047,32047
32048,32048
32057,32057
32011,32011
32049,32049
32050,32050
32051,32051
32052,32052
32053,32053
32054,32054
32055,32055
32056,32056
3001,3001
3003,3003
3005,3009
3004,3008
3002,3002
4002,4001
4001,4002
4010,4011
4003,4003
4004,4004
4009,4009
4005,4005
4006,4006
4007,4007
4008,4008
5001,5001
5002,5002
5003,5003
5004,5004
5005,5005
5006,5006
5007,5007
5008,5008
5009,5009
5010,5010
5011,5011
5012,5012
5013,5013
5014,5014
5015,5015
5016,5016
5017,5017
5018,5018
5019,5019
5020,5020
5021,5021
5022,5022
5023,5023
5024,5024
5025,5025
5026,5026
5027,5027
5028,5028
5029,5029
5030,5030
5031,5031
5032,5032
5033,5033
5034,5034
5035,5035
5036,5036
5037,5037
5038,5038
6006,6001
6001,6002
6002,6003
6003,6004
6004,6005
6007,6006
6008,6007
6009,6008
6010,6009
6005,6010
7001,7001
7002,7002
7003,7003
7004,7004
7005,7005
7006,7006
7007,7007
7008,7008
7009,7009
7010,7010
7011,7011
7012,7012
7013,7013
7015,7015
7016,7016
7022,7022
7023,7023
7024,7024
7025,7025
7026,7026
7027,7027
7028,7028
7029,7029
7030,7030
7031,7031
7017,7017
7018,7018
7019,7019
7021,7021
7014,7014
7070,7070
7032,7032
7033,7033
7034,7034
7035,7035
7037,7037
7038,7039
7039,7038
7040,7040
7042,7042
7043,7043
7044,7044
7045,7045
7046,7046
7047,7047
7048,7048
7020,7020
7036,7036
7041,7041
7050,7050
7049,7049
7052,7052
7074,7075
7099,7099
7051,7051
7053,7053
7054,7054
7055,7055
7056,7056
7057,7057
7058,7058
7059,7059
7060,7060
7061,7061
7062,7062
7063,7063
7064,7064
7065,7065
7066,7066
7067,7067
7068,7068
7069,7069
7071,7072
7072,7073
7073,7074
7075,7076
7076,7077
7077,7078
7078,7079
7079,7112
7080,7110
7081,7080
7082,7081
7083,7082
7084,7083
7085,7084
7086,7085
7087,7086
7088,7087
7089,7088
7090,7089
7091,7090
7092,7091
7093,7092
7094,7093
7095,7094
7096,7096
7097,7097
7098,7098
7100,7100
7101,7102
7102,7101
7103,7103
7104,7104
7105,7105
7106,7106
7107,7071
7108,7107
7109,7108
7110,7109
7111,7111
8001,8001
8002,8002
8003,8003
8004,8004
8005,8005
8006,8006
8007,8007
8008,8008
8009,8009
8010,8010
8011,8011
8012,8012
8013,8013
8019,8019
8020,8020
8014,8014
8015,8015
8017,8017
8018,8018
8021,8021
8022,8022
8064,8064
8023,8023
8025,8025
8026,8026
8027,8027
8028,8028
8029,8029
8030,8030
8031,8031
8032,8032
8033,8033
8034,8034
8035,8035
8036,8036
8037,8037
8038,8038
8016,8016
8039,8039
8040,8040
8041,8041
8042,8042
8043,8043
8044,8044
8045,8045
8046,8046
8047,8047
8048,8048
8049,8049
8050,8050
8051,8051
8052,8052
8053,8053
8054,8054
8055,8055
8056,8056
8057,8057
8058,8058
8059,8059
8060,8060
8024,8024
8061,8061
8062,8062
8063,8063
8065,8065
8066,8066
8067,8067
9010,9010
9002,9002
9014,9014
9003,9003
9004,9004
9015,9015
9005,9005
9006,9006
9007,9007
9008,9008
9016,9016
9009,9009
9011,9011
9012,9012
9017,9017
9013,9013
12079,12078
12080,12077
12081,12080
14125,14125
